date,market,rainfall_mm
1981-01-01,Kisumu,2.2228654
1981-02-01,Kisumu,5.0815244999999996
1981-03-01,Kisumu,132.3589003
1981-04-01,Kisumu,192.799326
1981-05-01,Kisumu,63.085867
1981-06-01,Kisumu,8.864689
1981-07-01,Kisumu,10.5762179
1981-08-01,Kisumu,9.0475159
1981-09-01,Kisumu,10.1683551
1981-10-01,Kisumu,29.431741
1981-11-01,Kisumu,35.7679695
1981-12-01,Kisumu,14.9194405
1982-01-01,Kisumu,3.1005789
1982-02-01,Kisumu,4.4903521699999995
1982-03-01,Kisumu,15.9804627
1982-04-01,Kisumu,121.867823
1982-05-01,Kisumu,71.667631
1982-06-01,Kisumu,13.2139412
1982-07-01,Kisumu,10.3080075
1982-08-01,Kisumu,4.4322238
1982-09-01,Kisumu,11.2426435
1982-10-01,Kisumu,131.14978200000002
1982-11-01,Kisumu,109.52243200000001
1982-12-01,Kisumu,23.709117499999998
1983-01-01,Kisumu,3.54196814
1983-02-01,Kisumu,7.229619
1983-03-01,Kisumu,6.909069000000001
1983-04-01,Kisumu,68.40907100000001
1983-05-01,Kisumu,55.77641
1983-06-01,Kisumu,12.4056926
1983-07-01,Kisumu,10.604679
1983-08-01,Kisumu,6.4488665
1983-09-01,Kisumu,10.308490299999999
1983-10-01,Kisumu,20.312831600000003
1983-11-01,Kisumu,35.2525326
1983-12-01,Kisumu,24.899421999999998
1984-01-01,Kisumu,2.9105160999999997
1984-02-01,Kisumu,4.09141337
1984-03-01,Kisumu,9.4085864
1984-04-01,Kisumu,66.462854
1984-05-01,Kisumu,29.051856899999997
1984-06-01,Kisumu,14.2223829
1984-07-01,Kisumu,10.852629
1984-08-01,Kisumu,3.7067053
1984-09-01,Kisumu,7.3174144000000005
1984-10-01,Kisumu,42.782924
1984-11-01,Kisumu,119.757835
1984-12-01,Kisumu,31.253738
1985-01-01,Kisumu,4.6922335
1985-02-01,Kisumu,6.1085383
1985-03-01,Kisumu,53.5880352
1985-04-01,Kisumu,115.746505
1985-05-01,Kisumu,55.325134999999996
1985-06-01,Kisumu,6.7127352
1985-07-01,Kisumu,9.8386401
1985-08-01,Kisumu,7.8043897
1985-09-01,Kisumu,7.1666666999999995
1985-10-01,Kisumu,25.9001445
1985-11-01,Kisumu,38.092618
1985-12-01,Kisumu,14.9570671
1986-01-01,Kisumu,2.98118665
1986-02-01,Kisumu,4.150024
1986-03-01,Kisumu,26.1447173
1986-04-01,Kisumu,155.19801999999999
1986-05-01,Kisumu,53.539798000000005
1986-06-01,Kisumu,8.531355300000001
1986-07-01,Kisumu,7.9722622
1986-08-01,Kisumu,5.7848527999999995
1986-09-01,Kisumu,7.084418899999999
1986-10-01,Kisumu,22.260491899999998
1986-11-01,Kisumu,89.87602369999999
1986-12-01,Kisumu,55.4529655
1987-01-01,Kisumu,7.5479981
1987-02-01,Kisumu,3.9131693
1987-03-01,Kisumu,15.7267241
1987-04-01,Kisumu,95.65484699999999
1987-05-01,Kisumu,87.76218
1987-06-01,Kisumu,9.1582249
1987-07-01,Kisumu,11.0976848
1987-08-01,Kisumu,11.1010613
1987-09-01,Kisumu,6.0438979
1987-10-01,Kisumu,13.8063191
1987-11-01,Kisumu,42.477569
1987-12-01,Kisumu,11.5962369
1988-01-01,Kisumu,7.527978699999999
1988-02-01,Kisumu,4.8415341000000005
1988-03-01,Kisumu,46.733963
1988-04-01,Kisumu,164.596236
1988-05-01,Kisumu,22.99397
1988-06-01,Kisumu,12.505065
1988-07-01,Kisumu,8.283647
1988-08-01,Kisumu,5.1051614999999995
1988-09-01,Kisumu,10.5663291
1988-10-01,Kisumu,28.3417766
1988-11-01,Kisumu,65.314519
1988-12-01,Kisumu,53.411239
1989-01-01,Kisumu,8.6396524
1989-02-01,Kisumu,5.3999034
1989-03-01,Kisumu,24.9454893
1989-04-01,Kisumu,117.895322
1989-05-01,Kisumu,49.582972
1989-06-01,Kisumu,6.4093102
1989-07-01,Kisumu,7.0776652
1989-08-01,Kisumu,4.5325616
1989-09-01,Kisumu,7.3152436
1989-10-01,Kisumu,42.853835
1989-11-01,Kisumu,146.57766
1989-12-01,Kisumu,28.926917600000003
1990-01-01,Kisumu,4.05258076
1990-02-01,Kisumu,21.577906
1990-03-01,Kisumu,86.299568
1990-04-01,Kisumu,158.778345
1990-05-01,Kisumu,24.2686927
1990-06-01,Kisumu,5.8596238
1990-07-01,Kisumu,7.4150989
1990-08-01,Kisumu,4.3837434
1990-09-01,Kisumu,7.1186684
1990-10-01,Kisumu,37.4913185
1990-11-01,Kisumu,96.041
1990-12-01,Kisumu,66.881572
1991-01-01,Kisumu,4.694886739999999
1991-02-01,Kisumu,5.0074771
1991-03-01,Kisumu,24.085625399999998
1991-04-01,Kisumu,103.680898
1991-05-01,Kisumu,57.999275
1991-06-01,Kisumu,6.2679692
1991-07-01,Kisumu,22.6808973
1991-08-01,Kisumu,5.1476122
1991-09-01,Kisumu,6.2766521
1991-10-01,Kisumu,19.359383
1991-11-01,Kisumu,35.81476
1991-12-01,Kisumu,41.178726999999995
1992-01-01,Kisumu,3.7725519
1992-02-01,Kisumu,4.9983117
1992-03-01,Kisumu,13.5665703
1992-04-01,Kisumu,128.771105
1992-05-01,Kisumu,27.064158
1992-06-01,Kisumu,7.0549926
1992-07-01,Kisumu,7.9807044000000005
1992-08-01,Kisumu,5.5504101
1992-09-01,Kisumu,8.1054029
1992-10-01,Kisumu,21.651954
1992-11-01,Kisumu,112.596958
1992-12-01,Kisumu,83.748911
1993-01-01,Kisumu,14.909552
1993-02-01,Kisumu,6.8171732
1993-03-01,Kisumu,15.5231551
1993-04-01,Kisumu,85.642065
1993-05-01,Kisumu,56.717074600000004
1993-06-01,Kisumu,11.3125907
1993-07-01,Kisumu,6.5945491
1993-08-01,Kisumu,4.4546551
1993-09-01,Kisumu,6.6162566
1993-10-01,Kisumu,50.351906
1993-11-01,Kisumu,69.23251300000001
1993-12-01,Kisumu,37.3326097
1994-01-01,Kisumu,2.950796
1994-02-01,Kisumu,4.4708153
1994-03-01,Kisumu,14.349493200000001
1994-04-01,Kisumu,88.267488
1994-05-01,Kisumu,40.525327000000004
1994-06-01,Kisumu,8.398938600000001
1994-07-01,Kisumu,9.0260494
1994-08-01,Kisumu,5.1309695
1994-09-01,Kisumu,9.1582248
1994-10-01,Kisumu,74.44935100000001
1994-11-01,Kisumu,159.54631
1994-12-01,Kisumu,36.4775684
1995-01-01,Kisumu,2.80294263
1995-02-01,Kisumu,7.1980221
1995-03-01,Kisumu,45.2718279
1995-04-01,Kisumu,144.573565
1995-05-01,Kisumu,32.21997
1995-06-01,Kisumu,5.6541246
1995-07-01,Kisumu,12.3224799
1995-08-01,Kisumu,7.5031356
1995-09-01,Kisumu,6.4819104
1995-10-01,Kisumu,68.3010123
1995-11-01,Kisumu,47.520019000000005
1995-12-01,Kisumu,53.965991
1996-01-01,Kisumu,5.8219972
1996-02-01,Kisumu,4.7284128
1996-03-01,Kisumu,31.398698
1996-04-01,Kisumu,67.854557
1996-05-01,Kisumu,46.962133
1996-06-01,Kisumu,7.8306803
1996-07-01,Kisumu,9.6767969
1996-08-01,Kisumu,4.3398457
1996-09-01,Kisumu,6.0303908
1996-10-01,Kisumu,12.9129278
1996-11-01,Kisumu,105.794499
1996-12-01,Kisumu,7.097925699999999
1997-01-01,Kisumu,3.3692715
1997-02-01,Kisumu,3.8675832000000003
1997-03-01,Kisumu,56.9293287
1997-04-01,Kisumu,188.20743099999999
1997-05-01,Kisumu,39.827062999999995
1997-06-01,Kisumu,22.328027
1997-07-01,Kisumu,12.054028
1997-08-01,Kisumu,4.7527738
1997-09-01,Kisumu,8.0943077
1997-10-01,Kisumu,246.287265
1997-11-01,Kisumu,328.1288
1997-12-01,Kisumu,123.77207200000001
1998-01-01,Kisumu,34.243849
1998-02-01,Kisumu,8.8456343
1998-03-01,Kisumu,34.4932458
1998-04-01,Kisumu,132.67366099999998
1998-05-01,Kisumu,52.568018
1998-06-01,Kisumu,15.868065600000001
1998-07-01,Kisumu,7.924505600000001
1998-08-01,Kisumu,5.092378200000001
1998-09-01,Kisumu,5.7086347
1998-10-01,Kisumu,13.2233479
1998-11-01,Kisumu,51.335746
1998-12-01,Kisumu,14.4339123
1999-01-01,Kisumu,3.24794983
1999-02-01,Kisumu,4.4155812
1999-03-01,Kisumu,40.671972
1999-04-01,Kisumu,58.656296
1999-05-01,Kisumu,23.9826346
1999-06-01,Kisumu,9.3063192
1999-07-01,Kisumu,9.3082488
1999-08-01,Kisumu,6.0202605
1999-09-01,Kisumu,5.705258
1999-10-01,Kisumu,22.4500727
1999-11-01,Kisumu,112.5603
1999-12-01,Kisumu,38.6242174
2000-01-01,Kisumu,3.8921852
2000-02-01,Kisumu,3.5120598000000003
2000-03-01,Kisumu,9.7455377
2000-04-01,Kisumu,40.5733234
2000-05-01,Kisumu,37.137240999999996
2000-06-01,Kisumu,7.7134588
2000-07-01,Kisumu,7.7190062
2000-08-01,Kisumu,4.6678727
2000-09-01,Kisumu,7.1314518
2000-10-01,Kisumu,33.148095
2000-11-01,Kisumu,58.831646000000006
2000-12-01,Kisumu,19.8152435
2001-01-01,Kisumu,4.4505548
2001-02-01,Kisumu,4.8791605
2001-03-01,Kisumu,21.8248915
2001-04-01,Kisumu,89.418959
2001-05-01,Kisumu,31.578871999999997
2001-06-01,Kisumu,8.1616015
2001-07-01,Kisumu,7.6169802
2001-08-01,Kisumu,4.3808489999999995
2001-09-01,Kisumu,6.547757
2001-10-01,Kisumu,19.9491079
2001-11-01,Kisumu,103.242402
2001-12-01,Kisumu,23.186202500000004
2002-01-01,Kisumu,3.52194884
2002-02-01,Kisumu,3.6201157999999998
2002-03-01,Kisumu,18.5733244
2002-04-01,Kisumu,191.51713
2002-05-01,Kisumu,25.134348
2002-06-01,Kisumu,12.4864927
2002-07-01,Kisumu,10.8726485
2002-08-01,Kisumu,5.5342499
2002-09-01,Kisumu,7.163290099999999
2002-10-01,Kisumu,64.3265816
2002-11-01,Kisumu,79.82706300000001
2002-12-01,Kisumu,60.537385
2003-01-01,Kisumu,3.0518572
2003-02-01,Kisumu,4.38977324
2003-03-01,Kisumu,18.7368548
2003-04-01,Kisumu,167.399415
2003-05-01,Kisumu,69.757598
2003-06-01,Kisumu,9.508682700000001
2003-07-01,Kisumu,8.7250359
2003-08-01,Kisumu,4.5904485
2003-09-01,Kisumu,5.5805595
2003-10-01,Kisumu,49.1056429
2003-11-01,Kisumu,100.33888300000001
2003-12-01,Kisumu,36.2607336
2004-01-01,Kisumu,8.5976844
2004-02-01,Kisumu,4.565364
2004-03-01,Kisumu,12.221177
2004-04-01,Kisumu,105.905452
2004-05-01,Kisumu,17.475639
2004-06-01,Kisumu,25.1249393
2004-07-01,Kisumu,7.320791099999999
2004-08-01,Kisumu,4.493729
2004-09-01,Kisumu,5.580800699999999
2004-10-01,Kisumu,60.3856717
2004-11-01,Kisumu,124.276894
2004-12-01,Kisumu,24.4963823
2005-01-01,Kisumu,3.5902075
2005-02-01,Kisumu,4.6910274
2005-03-01,Kisumu,9.4939701
2005-04-01,Kisumu,75.63386299999999
2005-05-01,Kisumu,51.196333
2005-06-01,Kisumu,7.539073699999999
2005-07-01,Kisumu,16.1871681
2005-08-01,Kisumu,4.2484322
2005-09-01,Kisumu,5.5217077
2005-10-01,Kisumu,17.4056927
2005-11-01,Kisumu,48.885671
2005-12-01,Kisumu,6.3478049
2006-01-01,Kisumu,3.8412929
2006-02-01,Kisumu,4.7033283
2006-03-01,Kisumu,18.382296
2006-04-01,Kisumu,154.768451
2006-05-01,Kisumu,40.104439
2006-06-01,Kisumu,12.075977
2006-07-01,Kisumu,9.3178968
2006-08-01,Kisumu,5.9030391
2006-09-01,Kisumu,10.859382499999999
2006-10-01,Kisumu,112.94742
2006-11-01,Kisumu,202.88061
2006-12-01,Kisumu,56.828025
2007-01-01,Kisumu,3.61022667
2007-02-01,Kisumu,5.0048241
2007-03-01,Kisumu,17.240471900000003
2007-04-01,Kisumu,79.202848
2007-05-01,Kisumu,67.499759
2007-06-01,Kisumu,9.0974429
2007-07-01,Kisumu,6.8656536
2007-08-01,Kisumu,7.1246985
2007-09-01,Kisumu,18.2858172
2007-10-01,Kisumu,64.278579
2007-11-01,Kisumu,89.048721
2007-12-01,Kisumu,16.4700913
2008-01-01,Kisumu,11.4117218
2008-02-01,Kisumu,3.9835987
2008-03-01,Kisumu,27.4107572
2008-04-01,Kisumu,112.447414
2008-05-01,Kisumu,38.760975
2008-06-01,Kisumu,10.3781956
2008-07-01,Kisumu,7.015195199999999
2008-08-01,Kisumu,4.4599614
2008-09-01,Kisumu,5.1862034999999995
2008-10-01,Kisumu,28.100579
2008-11-01,Kisumu,101.750125
2008-12-01,Kisumu,6.6220454
2009-01-01,Kisumu,5.098167
2009-02-01,Kisumu,5.7368549
2009-03-01,Kisumu,6.9013508
2009-04-01,Kisumu,65.441632
2009-05-01,Kisumu,37.767246
2009-06-01,Kisumu,10.7033284
2009-07-01,Kisumu,7.3068016
2009-08-01,Kisumu,4.1956101
2009-09-01,Kisumu,5.1398938
2009-10-01,Kisumu,132.21683099999998
2009-11-01,Kisumu,33.5706713
2009-12-01,Kisumu,50.047758
2010-01-01,Kisumu,3.86903039
2010-02-01,Kisumu,6.4498313
2010-03-01,Kisumu,87.204294
2010-04-01,Kisumu,108.888327
2010-05-01,Kisumu,44.3615535
2010-06-01,Kisumu,11.009888700000001
2010-07-01,Kisumu,13.2860588
2010-08-01,Kisumu,5.1782441
2010-09-01,Kisumu,6.152436
2010-10-01,Kisumu,21.555716
2010-11-01,Kisumu,51.376024
2010-12-01,Kisumu,12.9626145
2011-01-01,Kisumu,3.6085382999999998
2011-02-01,Kisumu,4.0301496
2011-03-01,Kisumu,6.977809799999999
2011-04-01,Kisumu,47.3892901
2011-05-01,Kisumu,25.3707194
2011-06-01,Kisumu,6.259768299999999
2011-07-01,Kisumu,8.0757357
2011-08-01,Kisumu,5.7276895
2011-09-01,Kisumu,8.893391099999999
2011-10-01,Kisumu,135.166663
2011-11-01,Kisumu,198.570191
2011-12-01,Kisumu,35.4382525
2012-01-01,Kisumu,2.46189095
2012-02-01,Kisumu,5.0287024
2012-03-01,Kisumu,7.0771829
2012-04-01,Kisumu,80.484322
2012-05-01,Kisumu,36.303183
2012-06-01,Kisumu,6.7720694
2012-07-01,Kisumu,6.452243
2012-08-01,Kisumu,4.8330921
2012-09-01,Kisumu,6.2361313
2012-10-01,Kisumu,55.9392166
2012-11-01,Kisumu,76.10516100000001
2012-12-01,Kisumu,31.840809999999998
2013-01-01,Kisumu,5.5417268
2013-02-01,Kisumu,4.2337191999999995
2013-03-01,Kisumu,91.675354
2013-04-01,Kisumu,156.263387
2013-05-01,Kisumu,35.312349
2013-06-01,Kisumu,6.4616495
2013-07-01,Kisumu,9.0028948
2013-08-01,Kisumu,4.4049686
2013-09-01,Kisumu,10.5062713
2013-10-01,Kisumu,28.666425500000003
2013-11-01,Kisumu,90.880369
2013-12-01,Kisumu,22.6220448
2014-01-01,Kisumu,2.7744814300000002
2014-02-01,Kisumu,5.1994695
2014-03-01,Kisumu,37.150506199999995
2014-04-01,Kisumu,122.000725
2014-05-01,Kisumu,56.844189
2014-06-01,Kisumu,9.5205018
2014-07-01,Kisumu,8.4153399
2014-08-01,Kisumu,5.4843222
2014-09-01,Kisumu,5.9377715
2014-10-01,Kisumu,21.8036664
2014-11-01,Kisumu,110.850941
2014-12-01,Kisumu,21.269416300000003
2015-01-01,Kisumu,3.4148577
2015-02-01,Kisumu,4.2686927
2015-03-01,Kisumu,39.438254
2015-04-01,Kisumu,136.606849
2015-05-01,Kisumu,34.038832
2015-06-01,Kisumu,7.8603475
2015-07-01,Kisumu,8.688133
2015-08-01,Kisumu,5.4085866
2015-09-01,Kisumu,6.8289918
2015-10-01,Kisumu,50.679209
2015-11-01,Kisumu,131.334297
2015-12-01,Kisumu,32.123975
2016-01-01,Kisumu,6.8936323
2016-02-01,Kisumu,9.0873133
2016-03-01,Kisumu,9.7657983
2016-04-01,Kisumu,115.298362
2016-05-01,Kisumu,39.6379637
2016-06-01,Kisumu,7.9387362
2016-07-01,Kisumu,7.979016
2016-08-01,Kisumu,4.4937289
2016-09-01,Kisumu,5.9780511
2016-10-01,Kisumu,12.5065128
2016-11-01,Kisumu,119.927402
2016-12-01,Kisumu,29.968403000000002
2017-01-01,Kisumu,4.4932465
2017-02-01,Kisumu,8.5045827
2017-03-01,Kisumu,6.8019777999999995
2017-04-01,Kisumu,98.089002
2017-05-01,Kisumu,57.607814
2017-06-01,Kisumu,10.9324652
2017-07-01,Kisumu,7.571153000000001
2017-08-01,Kisumu,5.7443318
2017-09-01,Kisumu,8.3215147
2017-10-01,Kisumu,42.120597000000004
2017-11-01,Kisumu,112.87819400000001
2017-12-01,Kisumu,5.8712011
2018-01-01,Kisumu,2.9684033
2018-02-01,Kisumu,7.0258081
2018-03-01,Kisumu,101.12180099999999
2018-04-01,Kisumu,195.6165
2018-05-01,Kisumu,70.537387
2018-06-01,Kisumu,17.1987454
2018-07-01,Kisumu,11.1261459
2018-08-01,Kisumu,5.3589001
2018-09-01,Kisumu,7.9954174
2018-10-01,Kisumu,51.816208
2018-11-01,Kisumu,44.62783400000001
2018-12-01,Kisumu,131.762662
2019-01-01,Kisumu,5.9712977
2019-02-01,Kisumu,6.0123009
2019-03-01,Kisumu,12.257839
2019-04-01,Kisumu,72.42088659999999
2019-05-01,Kisumu,45.635553
2019-06-01,Kisumu,5.9025568
2019-07-01,Kisumu,13.4705744
2019-08-01,Kisumu,5.7105643
2019-09-01,Kisumu,12.7667628
2019-10-01,Kisumu,153.810416
2019-11-01,Kisumu,255.007722
2019-12-01,Kisumu,58.860347000000004
2020-01-01,Kisumu,21.140617300000002
2020-02-01,Kisumu,6.1505065000000005
2020-03-01,Kisumu,56.4999987
2020-04-01,Kisumu,215.619636
2020-05-01,Kisumu,26.656296500000003
2020-06-01,Kisumu,8.714906299999999
2020-07-01,Kisumu,26.099614
2020-08-01,Kisumu,5.1413411
2020-09-01,Kisumu,6.287988500000001
2020-10-01,Kisumu,32.6755905
2020-11-01,Kisumu,56.572358
2020-12-01,Kisumu,22.5853836
2021-01-01,Kisumu,3.9331885000000004
2021-02-01,Kisumu,4.4799806
2021-03-01,Kisumu,11.7134588
2021-04-01,Kisumu,90.289677
2021-05-01,Kisumu,25.789435400000002
2021-06-01,Kisumu,8.0246021
2021-07-01,Kisumu,7.9160638
2021-08-01,Kisumu,4.186686
2021-09-01,Kisumu,5.9816691
2021-10-01,Kisumu,15.8499755
2021-11-01,Kisumu,59.2436086
2021-12-01,Kisumu,94.873613
2022-01-01,Kisumu,6.6348288
2022-02-01,Kisumu,4.4138929000000005
2022-03-01,Kisumu,13.4003866
2022-04-01,Kisumu,80.238784
2022-05-01,Kisumu,38.5665696
2022-06-01,Kisumu,7.504100299999999
2022-07-01,Kisumu,9.4312592
2022-08-01,Kisumu,4.2180414
2022-09-01,Kisumu,6.4076218
2022-10-01,Kisumu,23.5938244
2022-11-01,Kisumu,78.099372
2022-12-01,Kisumu,24.0699466
2023-01-01,Kisumu,4.5820066399999995
2023-02-01,Kisumu,3.8842258000000003
2023-03-01,Kisumu,91.4524833
2023-04-01,Kisumu,206.67752000000002
2023-05-01,Kisumu,20.5643997
2023-06-01,Kisumu,5.8815727
2023-07-01,Kisumu,8.607091
2023-08-01,Kisumu,5.9143753
2023-09-01,Kisumu,6.3656536
2023-10-01,Kisumu,113.14157949999999
2023-11-01,Kisumu,309.331398
2023-12-01,Kisumu,33.457067300000006
2024-01-01,Kisumu,5.4382535
2024-02-01,Kisumu,6.26411
2024-03-01,Kisumu,14.2686932
2024-04-01,Kisumu,192.28654
2024-05-01,Kisumu,45.2554267
2024-06-01,Kisumu,6.4191991999999995
2024-07-01,Kisumu,9.2209358
2024-08-01,Kisumu,10.9469367
2024-09-01,Kisumu,5.1430295
2024-10-01,Kisumu,13.3888083
2024-11-01,Kisumu,125.463096
2024-12-01,Kisumu,10.6630488
2025-01-01,Kisumu,2.53424987
2025-02-01,Kisumu,3.433671
2025-03-01,Kisumu,69.6292844
2025-04-01,Kisumu,133.833336
2025-05-01,Kisumu,36.4700906
2025-06-01,Kisumu,20.438013599999998
2025-07-01,Kisumu,7.046792099999999
2025-08-01,Kisumu,4.2337194
2025-09-01,Kisumu,6.636999599999999
2025-10-01,Kisumu,26.734683999999998
2025-11-01,Kisumu,38.0410032
2025-12-01,Kisumu,23.788470699999998
2026-01-01,Kisumu,2.64833576
2026-02-01,Kisumu,5.5588518
2026-03-01,Kisumu,102.443079
2026-04-01,Kisumu,98.234925
2026-05-01,Kisumu,15.0096484
2026-06-01,Kisumu,8.4539316
2026-07-01,Kisumu,7.2380607
2026-08-01,Kisumu,3.0448625
1981-01-01,Marsabit,6.4215175
1981-02-01,Marsabit,12.8101162
1981-03-01,Marsabit,160.664386
1981-04-01,Marsabit,207.540344
1981-05-01,Marsabit,64.91931079999999
1981-06-01,Marsabit,3.84604566
1981-07-01,Marsabit,7.5128462
1981-08-01,Marsabit,6.4315534
1981-09-01,Marsabit,5.4403853
1981-10-01,Marsabit,39.9325563
1981-11-01,Marsabit,57.93957999999999
1981-12-01,Marsabit,50.12705699999999
1982-01-01,Marsabit,11.0610194
1982-02-01,Marsabit,7.823966199999999
1982-03-01,Marsabit,36.9847455
1982-04-01,Marsabit,156.861706
1982-05-01,Marsabit,55.656162
1982-06-01,Marsabit,3.99177025
1982-07-01,Marsabit,6.1838619
1982-08-01,Marsabit,5.2161784
1982-09-01,Marsabit,5.797872249999999
1982-10-01,Marsabit,119.770972
1982-11-01,Marsabit,149.222195
1982-12-01,Marsabit,85.816944
1983-01-01,Marsabit,7.7246084999999995
1983-02-01,Marsabit,22.073263899999997
1983-03-01,Marsabit,13.3329988
1983-04-01,Marsabit,91.096348
1983-05-01,Marsabit,31.6047774
1983-06-01,Marsabit,3.85608184
1983-07-01,Marsabit,7.2139702
1983-08-01,Marsabit,6.4817344
1983-09-01,Marsabit,4.33881975
1983-10-01,Marsabit,23.2444797
1983-11-01,Marsabit,51.650744
1983-12-01,Marsabit,68.728824
1984-01-01,Marsabit,8.1499399
1984-02-01,Marsabit,5.9835408
1984-03-01,Marsabit,14.386993
1984-04-01,Marsabit,84.30630049999999
1984-05-01,Marsabit,12.1200318
1984-06-01,Marsabit,2.73524696
1984-07-01,Marsabit,6.6037734
1984-08-01,Marsabit,4.4795263
1984-09-01,Marsabit,4.7513047
1984-10-01,Marsabit,65.96146300000001
1984-11-01,Marsabit,171.324572
1984-12-01,Marsabit,61.285226
1985-01-01,Marsabit,13.446608300000001
1985-02-01,Marsabit,27.8649125
1985-03-01,Marsabit,77.9082743
1985-04-01,Marsabit,161.757121
1985-05-01,Marsabit,40.6704136
1985-06-01,Marsabit,3.5837014
1985-07-01,Marsabit,6.7910477
1985-08-01,Marsabit,4.9765154
1985-09-01,Marsabit,4.50702537
1985-10-01,Marsabit,37.753312
1985-11-01,Marsabit,84.601967
1985-12-01,Marsabit,40.451025
1986-01-01,Marsabit,7.4349659
1986-02-01,Marsabit,5.403051
1986-03-01,Marsabit,46.158370000000005
1986-04-01,Marsabit,164.550587
1986-05-01,Marsabit,27.653151
1986-06-01,Marsabit,5.68627066
1986-07-01,Marsabit,5.6559615
1986-08-01,Marsabit,4.8159376
1986-09-01,Marsabit,3.57286233
1986-10-01,Marsabit,33.1443202
1986-11-01,Marsabit,129.754718
1986-12-01,Marsabit,84.798475
1987-01-01,Marsabit,17.9528304
1987-02-01,Marsabit,7.0058209
1987-03-01,Marsabit,34.139501599999996
1987-04-01,Marsabit,115.943792
1987-05-01,Marsabit,45.700320999999995
1987-06-01,Marsabit,8.9006425
1987-07-01,Marsabit,5.7713769
1987-08-01,Marsabit,8.047170000000001
1987-09-01,Marsabit,3.06322756
1987-10-01,Marsabit,15.6097954
1987-11-01,Marsabit,64.424928
1987-12-01,Marsabit,23.06945
1988-01-01,Marsabit,25.7713774
1988-02-01,Marsabit,8.439180799999999
1988-03-01,Marsabit,71.2360495
1988-04-01,Marsabit,198.870933
1988-05-01,Marsabit,16.1623849
1988-06-01,Marsabit,4.8490566
1988-07-01,Marsabit,10.9193095
1988-08-01,Marsabit,6.4219189
1988-09-01,Marsabit,5.8775591
1988-10-01,Marsabit,38.150540899999996
1988-11-01,Marsabit,104.799279
1988-12-01,Marsabit,99.50441599999999
1989-01-01,Marsabit,30.4293457
1989-02-01,Marsabit,16.7896425
1989-03-01,Marsabit,54.345242600000006
1989-04-01,Marsabit,139.508025
1989-05-01,Marsabit,43.683059
1989-06-01,Marsabit,3.2577277000000002
1989-07-01,Marsabit,6.9845445999999995
1989-08-01,Marsabit,5.8892011
1989-09-01,Marsabit,4.736250399999999
1989-10-01,Marsabit,42.617826
1989-11-01,Marsabit,133.236651
1989-12-01,Marsabit,69.456242
1990-01-01,Marsabit,21.0036129
1990-02-01,Marsabit,50.135488
1990-03-01,Marsabit,123.186673
1990-04-01,Marsabit,166.01626
1990-05-01,Marsabit,24.210759
1990-06-01,Marsabit,3.32757929
1990-07-01,Marsabit,5.8016859
1990-08-01,Marsabit,4.5399436
1990-09-01,Marsabit,3.840827
1990-10-01,Marsabit,51.704938
1990-11-01,Marsabit,102.67603700000001
1990-12-01,Marsabit,99.404261
1991-01-01,Marsabit,19.208751499999998
1991-02-01,Marsabit,7.5947411
1991-03-01,Marsabit,61.2982753
1991-04-01,Marsabit,87.796669
1991-05-01,Marsabit,36.614411
1991-06-01,Marsabit,3.88538726
1991-07-01,Marsabit,9.3851868
1991-08-01,Marsabit,7.6621839000000005
1991-09-01,Marsabit,4.210357200000001
1991-10-01,Marsabit,28.727017
1991-11-01,Marsabit,72.352869
1991-12-01,Marsabit,80.437376
1992-01-01,Marsabit,8.350863
1992-02-01,Marsabit,10.4313528
1992-03-01,Marsabit,22.3006824
1992-04-01,Marsabit,140.97230100000002
1992-05-01,Marsabit,29.709554699999998
1992-06-01,Marsabit,2.94179043
1992-07-01,Marsabit,6.6503413
1992-08-01,Marsabit,5.0401445
1992-09-01,Marsabit,3.46186276
1992-10-01,Marsabit,35.753112099999996
1992-11-01,Marsabit,110.945807
1992-12-01,Marsabit,114.94861399999999
1993-01-01,Marsabit,60.391007
1993-02-01,Marsabit,29.887193500000002
1993-03-01,Marsabit,21.689081
1993-04-01,Marsabit,76.89622600000001
1993-05-01,Marsabit,39.4975897
1993-06-01,Marsabit,3.94199114
1993-07-01,Marsabit,5.6930951
1993-08-01,Marsabit,4.3964271
1993-09-01,Marsabit,3.0467684
1993-10-01,Marsabit,47.6001594
1993-11-01,Marsabit,73.016258
1993-12-01,Marsabit,45.507628
1994-01-01,Marsabit,9.0246888
1994-02-01,Marsabit,11.9626655
1994-03-01,Marsabit,30.069651
1994-04-01,Marsabit,97.459654
1994-05-01,Marsabit,28.4211163
1994-06-01,Marsabit,3.8069048999999997
1994-07-01,Marsabit,8.5357285
1994-08-01,Marsabit,5.5732638
1994-09-01,Marsabit,6.20634285
1994-10-01,Marsabit,78.61120199999999
1994-11-01,Marsabit,182.909671
1994-12-01,Marsabit,87.22842299999999
1995-01-01,Marsabit,8.0034123
1995-02-01,Marsabit,26.4002413
1995-03-01,Marsabit,67.189082
1995-04-01,Marsabit,134.165795
1995-05-01,Marsabit,24.4795255
1995-06-01,Marsabit,3.02348447
1995-07-01,Marsabit,6.4034523
1995-08-01,Marsabit,7.1081894
1995-09-01,Marsabit,4.0806906000000005
1995-10-01,Marsabit,67.323363
1995-11-01,Marsabit,59.851665
1995-12-01,Marsabit,53.4706954
1996-01-01,Marsabit,16.019469800000003
1996-02-01,Marsabit,12.7725812
1996-03-01,Marsabit,70.58370099999999
1996-04-01,Marsabit,49.839422
1996-05-01,Marsabit,24.282818
1996-06-01,Marsabit,6.4078682
1996-07-01,Marsabit,7.2262144
1996-08-01,Marsabit,5.0648332
1996-09-01,Marsabit,3.26555604
1996-10-01,Marsabit,16.411681700000003
1996-11-01,Marsabit,113.95564200000001
1996-12-01,Marsabit,15.0917305
1997-01-01,Marsabit,6.4929746999999995
1997-02-01,Marsabit,5.191088000000001
1997-03-01,Marsabit,52.2966669
1997-04-01,Marsabit,214.161384
1997-05-01,Marsabit,33.004014500000004
1997-06-01,Marsabit,3.66780411
1997-07-01,Marsabit,6.4735043999999995
1997-08-01,Marsabit,5.2904456
1997-09-01,Marsabit,3.81734247
1997-10-01,Marsabit,120.730027
1997-11-01,Marsabit,304.621045
1997-12-01,Marsabit,156.3324
1998-01-01,Marsabit,92.021277
1998-02-01,Marsabit,38.3653147
1998-03-01,Marsabit,46.075070999999994
1998-04-01,Marsabit,95.295463
1998-05-01,Marsabit,80.502208
1998-06-01,Marsabit,8.1475309
1998-07-01,Marsabit,8.7599356
1998-08-01,Marsabit,5.9080692
1998-09-01,Marsabit,4.5108390499999995
1998-10-01,Marsabit,18.8857887
1998-11-01,Marsabit,70.071257
1998-12-01,Marsabit,20.2866317
1999-01-01,Marsabit,10.830590299999999
1999-02-01,Marsabit,8.0060217
1999-03-01,Marsabit,76.573464
1999-04-01,Marsabit,66.860499
1999-05-01,Marsabit,15.580088100000001
1999-06-01,Marsabit,2.9951827
1999-07-01,Marsabit,7.6413088
1999-08-01,Marsabit,5.2601366
1999-09-01,Marsabit,3.30851066
1999-10-01,Marsabit,22.721397
1999-11-01,Marsabit,143.74588599999998
1999-12-01,Marsabit,51.4883577
2000-01-01,Marsabit,8.3231635
2000-02-01,Marsabit,4.8898033000000005
2000-03-01,Marsabit,16.4450018
2000-04-01,Marsabit,49.409875
2000-05-01,Marsabit,14.040345199999999
2000-06-01,Marsabit,2.8370132999999997
2000-07-01,Marsabit,5.1824568
2000-08-01,Marsabit,4.6485346
2000-09-01,Marsabit,3.348053
2000-10-01,Marsabit,23.4383785
2000-11-01,Marsabit,117.17824
2000-12-01,Marsabit,60.5254927
2001-01-01,Marsabit,38.6461257
2001-02-01,Marsabit,7.641509299999999
2001-03-01,Marsabit,70.65435819999999
2001-04-01,Marsabit,111.577881
2001-05-01,Marsabit,15.6109994
2001-06-01,Marsabit,3.717784
2001-07-01,Marsabit,6.0899236
2001-08-01,Marsabit,4.9720998
2001-09-01,Marsabit,2.87394622
2001-10-01,Marsabit,24.1495387
2001-11-01,Marsabit,146.533916
2001-12-01,Marsabit,37.064632599999996
2002-01-01,Marsabit,19.138699000000003
2002-02-01,Marsabit,7.5056201
2002-03-01,Marsabit,70.67864399999999
2002-04-01,Marsabit,151.05580300000003
2002-05-01,Marsabit,44.2053395
2002-06-01,Marsabit,3.06081895
2002-07-01,Marsabit,5.6587717
2002-08-01,Marsabit,5.0610197
2002-09-01,Marsabit,5.2703733999999995
2002-10-01,Marsabit,60.487759000000004
2002-11-01,Marsabit,98.296267
2002-12-01,Marsabit,141.835808
2003-01-01,Marsabit,7.2982737
2003-02-01,Marsabit,10.7794058
2003-03-01,Marsabit,37.6023682
2003-04-01,Marsabit,159.449421
2003-05-01,Marsabit,52.930951
2003-06-01,Marsabit,2.5463668999999998
2003-07-01,Marsabit,4.8127258
2003-08-01,Marsabit,7.8213571
2003-09-01,Marsabit,3.79807306
2003-10-01,Marsabit,40.58631
2003-11-01,Marsabit,110.71095700000001
2003-12-01,Marsabit,55.38358
2004-01-01,Marsabit,32.047169
2004-02-01,Marsabit,16.221397
2004-03-01,Marsabit,48.981533
2004-04-01,Marsabit,121.0835
2004-05-01,Marsabit,26.634484699999998
2004-06-01,Marsabit,2.73344042
2004-07-01,Marsabit,5.0632277
2004-08-01,Marsabit,4.2998796
2004-09-01,Marsabit,4.2529105000000005
2004-10-01,Marsabit,52.2679657
2004-11-01,Marsabit,121.701123
2004-12-01,Marsabit,50.579086000000004
2005-01-01,Marsabit,12.6868733
2005-02-01,Marsabit,7.0684461999999995
2005-03-01,Marsabit,27.1770377
2005-04-01,Marsabit,90.268367
2005-05-01,Marsabit,54.441389
2005-06-01,Marsabit,3.1091931
2005-07-01,Marsabit,6.8693294
2005-08-01,Marsabit,6.5046168
2005-09-01,Marsabit,3.4034524
2005-10-01,Marsabit,34.679847
2005-11-01,Marsabit,59.149941
2005-12-01,Marsabit,13.795463699999999
2006-01-01,Marsabit,7.9935770999999995
2006-02-01,Marsabit,13.0379364
2006-03-01,Marsabit,47.502207999999996
2006-04-01,Marsabit,142.92111799999998
2006-05-01,Marsabit,39.7097546
2006-06-01,Marsabit,2.58831797
2006-07-01,Marsabit,4.9664793
2006-08-01,Marsabit,7.5987557
2006-09-01,Marsabit,5.4558409999999995
2006-10-01,Marsabit,81.028103
2006-11-01,Marsabit,208.053191
2006-12-01,Marsabit,154.077082
2007-01-01,Marsabit,15.9315536
2007-02-01,Marsabit,12.9456045
2007-03-01,Marsabit,38.1306715
2007-04-01,Marsabit,87.43657
2007-05-01,Marsabit,34.265155
2007-06-01,Marsabit,4.9448012
2007-07-01,Marsabit,10.3207553
2007-08-01,Marsabit,6.7653552999999995
2007-09-01,Marsabit,4.26856687
2007-10-01,Marsabit,48.1943
2007-11-01,Marsabit,91.60076
2007-12-01,Marsabit,32.995382
2008-01-01,Marsabit,31.003411399999997
2008-02-01,Marsabit,7.3159373
2008-03-01,Marsabit,78.49237199999999
2008-04-01,Marsabit,93.573666
2008-05-01,Marsabit,10.6784424
2008-06-01,Marsabit,3.00541955
2008-07-01,Marsabit,6.0098354
2008-08-01,Marsabit,3.8438378
2008-09-01,Marsabit,3.6136090000000003
2008-10-01,Marsabit,47.987756
2008-11-01,Marsabit,94.187675
2008-12-01,Marsabit,17.2687676
2009-01-01,Marsabit,18.6220393
2009-02-01,Marsabit,8.6192293
2009-03-01,Marsabit,19.3578891
2009-04-01,Marsabit,60.2499005
2009-05-01,Marsabit,27.7707735
2009-06-01,Marsabit,2.9879566
2009-07-01,Marsabit,4.3159374
2009-08-01,Marsabit,3.8837815
2009-09-01,Marsabit,2.7808109400000003
2009-10-01,Marsabit,70.19349700000001
2009-11-01,Marsabit,62.852468
2009-12-01,Marsabit,77.63287600000001
2010-01-01,Marsabit,20.8538735
2010-02-01,Marsabit,28.1726209
2010-03-01,Marsabit,124.722803
2010-04-01,Marsabit,92.085909
2010-05-01,Marsabit,29.528704
2010-06-01,Marsabit,3.01806514
2010-07-01,Marsabit,6.9989965
2010-08-01,Marsabit,5.3243676
2010-09-01,Marsabit,3.61380965
2010-10-01,Marsabit,31.127861
2010-11-01,Marsabit,77.612007
2010-12-01,Marsabit,27.8398233
2011-01-01,Marsabit,9.428944
2011-02-01,Marsabit,17.673023
2011-03-01,Marsabit,35.8380175
2011-04-01,Marsabit,47.296468000000004
2011-05-01,Marsabit,25.613006
2011-06-01,Marsabit,3.97189893
2011-07-01,Marsabit,6.0236854
2011-08-01,Marsabit,6.2571257000000005
2011-09-01,Marsabit,4.9807308
2011-10-01,Marsabit,101.20794699999999
2011-11-01,Marsabit,215.57366199999998
2011-12-01,Marsabit,47.1758325
2012-01-01,Marsabit,6.334404
2012-02-01,Marsabit,9.4506222
2012-03-01,Marsabit,21.5120438
2012-04-01,Marsabit,152.33740999999998
2012-05-01,Marsabit,39.456845
2012-06-01,Marsabit,4.0112404
2012-07-01,Marsabit,6.6431153
2012-08-01,Marsabit,6.2936571
2012-09-01,Marsabit,3.52107586
2012-10-01,Marsabit,58.6386985
2012-11-01,Marsabit,98.372342
2012-12-01,Marsabit,81.239463
2013-01-01,Marsabit,15.3924127
2013-02-01,Marsabit,7.0222801
2013-03-01,Marsabit,105.154358
2013-04-01,Marsabit,169.113411
2013-05-01,Marsabit,15.4010441
2013-06-01,Marsabit,3.2820153000000003
2013-07-01,Marsabit,7.2521077
2013-08-01,Marsabit,4.6698113
2013-09-01,Marsabit,7.4718991
2013-10-01,Marsabit,28.100963399999998
2013-11-01,Marsabit,112.350659
2013-12-01,Marsabit,47.0975516
2014-01-01,Marsabit,5.3390203
2014-02-01,Marsabit,21.089121499999997
2014-03-01,Marsabit,82.7454841
2014-04-01,Marsabit,80.78683149999999
2014-05-01,Marsabit,22.312525
2014-06-01,Marsabit,4.3606986
2014-07-01,Marsabit,6.5873144
2014-08-01,Marsabit,8.672822
2014-09-01,Marsabit,4.1067844000000004
2014-10-01,Marsabit,31.805902
2014-11-01,Marsabit,98.52569
2014-12-01,Marsabit,53.617022999999996
2015-01-01,Marsabit,6.9343639
2015-02-01,Marsabit,9.5788838
2015-03-01,Marsabit,31.6844628
2015-04-01,Marsabit,178.095947
2015-05-01,Marsabit,36.7557195
2015-06-01,Marsabit,2.79164986
2015-07-01,Marsabit,7.5684466
2015-08-01,Marsabit,4.9608591
2015-09-01,Marsabit,3.34865508
2015-10-01,Marsabit,46.840425
2015-11-01,Marsabit,163.73023
2015-12-01,Marsabit,88.07828
2016-01-01,Marsabit,24.2788033
2016-02-01,Marsabit,12.2091528
2016-03-01,Marsabit,26.2262138
2016-04-01,Marsabit,150.882981
2016-05-01,Marsabit,28.8843847
2016-06-01,Marsabit,3.40445605
2016-07-01,Marsabit,5.4540346
2016-08-01,Marsabit,5.0616218
2016-09-01,Marsabit,3.60236874
2016-10-01,Marsabit,20.5276994
2016-11-01,Marsabit,126.5566
2016-12-01,Marsabit,28.420514
2017-01-01,Marsabit,7.9718988
2017-02-01,Marsabit,19.284424
2017-03-01,Marsabit,14.4169009
2017-04-01,Marsabit,78.322964
2017-05-01,Marsabit,39.9100763
2017-06-01,Marsabit,2.59755125
2017-07-01,Marsabit,8.0102367
2017-08-01,Marsabit,7.1393015
2017-09-01,Marsabit,4.6501404
2017-10-01,Marsabit,58.719791
2017-11-01,Marsabit,111.041753
2017-12-01,Marsabit,16.932156
2018-01-01,Marsabit,7.743075
2018-02-01,Marsabit,12.298072999999999
2018-03-01,Marsabit,160.797874
2018-04-01,Marsabit,259.20594500000004
2018-05-01,Marsabit,45.445203
2018-06-01,Marsabit,7.755118100000001
2018-07-01,Marsabit,9.4076677
2018-08-01,Marsabit,5.5517864
2018-09-01,Marsabit,6.4429951
2018-10-01,Marsabit,34.544761
2018-11-01,Marsabit,67.575875
2018-12-01,Marsabit,122.901647
2019-01-01,Marsabit,13.8944197
2019-02-01,Marsabit,12.7268167
2019-03-01,Marsabit,19.5082289
2019-04-01,Marsabit,87.2420685
2019-05-01,Marsabit,27.940385
2019-06-01,Marsabit,5.4809313
2019-07-01,Marsabit,8.4845443
2019-08-01,Marsabit,6.3237655
2019-09-01,Marsabit,6.119429800000001
2019-10-01,Marsabit,160.61943
2019-11-01,Marsabit,214.03593
2019-12-01,Marsabit,142.08772199999999
2020-01-01,Marsabit,48.159573
2020-02-01,Marsabit,25.095344
2020-03-01,Marsabit,105.485952
2020-04-01,Marsabit,213.18667
2020-05-01,Marsabit,28.099156
2020-06-01,Marsabit,5.5979528
2020-07-01,Marsabit,10.7432758
2020-08-01,Marsabit,6.9961864
2020-09-01,Marsabit,6.152549199999999
2020-10-01,Marsabit,42.303893
2020-11-01,Marsabit,90.524688
2020-12-01,Marsabit,54.039342999999995
2021-01-01,Marsabit,11.8434362
2021-02-01,Marsabit,16.395423
2021-03-01,Marsabit,25.4490157
2021-04-01,Marsabit,83.412486
2021-05-01,Marsabit,55.8085095
2021-06-01,Marsabit,2.24026499
2021-07-01,Marsabit,7.709152899999999
2021-08-01,Marsabit,4.8067042
2021-09-01,Marsabit,3.85106387
2021-10-01,Marsabit,24.544159
2021-11-01,Marsabit,73.14853600000001
2021-12-01,Marsabit,102.715174
2022-01-01,Marsabit,18.1140102
2022-02-01,Marsabit,12.956844499999999
2022-03-01,Marsabit,21.7135683
2022-04-01,Marsabit,103.29345
2022-05-01,Marsabit,18.8171414
2022-06-01,Marsabit,2.71316736
2022-07-01,Marsabit,6.759936
2022-08-01,Marsabit,6.2167804
2022-09-01,Marsabit,4.0692494
2022-10-01,Marsabit,27.350061
2022-11-01,Marsabit,97.92111200000001
2022-12-01,Marsabit,45.272582
2023-01-01,Marsabit,11.570253000000001
2023-02-01,Marsabit,5.1756322
2023-03-01,Marsabit,91.9654735
2023-04-01,Marsabit,225.19269200000002
2023-05-01,Marsabit,26.412885700000004
2023-06-01,Marsabit,4.4315536600000005
2023-07-01,Marsabit,7.3227617
2023-08-01,Marsabit,4.8301888
2023-09-01,Marsabit,3.9066639999999997
2023-10-01,Marsabit,90.320355
2023-11-01,Marsabit,266.332186
2023-12-01,Marsabit,44.087717
2024-01-01,Marsabit,23.970895
2024-02-01,Marsabit,30.963669000000003
2024-03-01,Marsabit,42.4285435
2024-04-01,Marsabit,239.80850999999998
2024-05-01,Marsabit,62.437373699999995
2024-06-01,Marsabit,2.78402254
2024-07-01,Marsabit,7.7749898
2024-08-01,Marsabit,6.1130071
2024-09-01,Marsabit,3.36049793
2024-10-01,Marsabit,24.281413
2024-11-01,Marsabit,163.95363700000001
2024-12-01,Marsabit,32.713369
2025-01-01,Marsabit,15.0088325
2025-02-01,Marsabit,4.6959053
2025-03-01,Marsabit,108.304092
2025-04-01,Marsabit,143.58329600000002
2025-05-01,Marsabit,35.7258126
2025-06-01,Marsabit,3.2310317
2025-07-01,Marsabit,5.0421517
2025-08-01,Marsabit,7.467282300000001
2025-09-01,Marsabit,4.573263600000001
2025-10-01,Marsabit,63.501405999999996
2025-11-01,Marsabit,39.009633
2025-12-01,Marsabit,67.2631475
2026-01-01,Marsabit,4.8879968
2026-02-01,Marsabit,52.258328899999995
2026-03-01,Marsabit,168.722801
2026-04-01,Marsabit,90.475717
2026-05-01,Marsabit,21.4470097
2026-06-01,Marsabit,3.11541544
2026-07-01,Marsabit,3.988358
2026-08-01,Marsabit,2.7440786
